﻿{"cameraMode":{"drawMode":0,"name":"Shaded","section":"Shading Mode"},"sceneLighting":true,"audioPlay":false,"sceneViewState":{"m_AlwaysRefresh":false,"showFog":true,"showSkybox":true,"showFlares":true,"showImageEffects":true,"showParticleSystems":true,"showVisualEffectGraphs":true,"m_FxEnabled":true},"in2DMode":false,"pivot":{"x":-148.19654846191407,"y":-137.10682678222657,"z":-19.267297744750978},"rotation":{"x":-0.24631857872009278,"y":0.6989529132843018,"z":-0.2826746106147766,"w":-0.6090866327285767},"size":101.3587646484375,"orthographic":false}