﻿{"cameraMode":{"drawMode":0,"name":"Shaded","section":"Shading Mode"},"sceneLighting":false,"audioPlay":false,"sceneViewState":{"m_AlwaysRefresh":false,"showFog":true,"showSkybox":false,"showFlares":true,"showImageEffects":true,"showParticleSystems":true,"showVisualEffectGraphs":true,"m_FxEnabled":true},"in2DMode":false,"pivot":{"x":-0.4366430342197418,"y":1.6368803977966309,"z":-9.82404899597168},"rotation":{"x":-0.04055856168270111,"y":-0.10987329483032227,"z":0.004427539184689522,"w":-0.9931564331054688},"size":3.4040708541870119,"orthographic":false}