﻿{"cameraMode":{"drawMode":0,"name":"Shaded","section":"Shading Mode"},"sceneLighting":false,"audioPlay":false,"sceneViewState":{"m_AlwaysRefresh":false,"showFog":true,"showSkybox":false,"showFlares":true,"showImageEffects":true,"showParticleSystems":true,"showVisualEffectGraphs":true,"m_FxEnabled":true},"in2DMode":false,"pivot":{"x":1.5267239809036255,"y":3.848690986633301,"z":0.27334630489349368},"rotation":{"x":0.01050418708473444,"y":-0.7021971940994263,"z":-0.010271766223013401,"w":-0.7118808627128601},"size":10.210289001464844,"orthographic":false}